{
  "accuracy": 0.9639111111111112,
  "precision": 0.9832407407407407,
  "recall": 0.9439111111111111,
  "f1": 0.9631746031746031,
  "auc": 0.9916957945679012,
  "cv_auc_mean": 0.9920634022222222
}